{
  "id": "2930142",
  "name": "HXGJ",
  "font_family": "iconfont",
  "css_prefix_text": "icon-",
  "description": "",
  "glyphs": [
    {
      "icon_id": "11372647",
      "name": "创作",
      "font_class": "chuangzuo",
      "unicode": "e8ad",
      "unicode_decimal": 59565
    },
    {
      "icon_id": "11372680",
      "name": "排行榜",
      "font_class": "paihangbang",
      "unicode": "e8b3",
      "unicode_decimal": 59571
    },
    {
      "icon_id": "11372699",
      "name": "时间",
      "font_class": "shijian",
      "unicode": "e8b9",
      "unicode_decimal": 59577
    },
    {
      "icon_id": "11372711",
      "name": "图片",
      "font_class": "tupian1",
      "unicode": "e8ba",
      "unicode_decimal": 59578
    },
    {
      "icon_id": "15509782",
      "name": "设计_画图",
      "font_class": "sheji_huatu",
      "unicode": "e690",
      "unicode_decimal": 59024
    },
    {
      "icon_id": "8655879",
      "name": "商品",
      "font_class": "shangpin",
      "unicode": "e674",
      "unicode_decimal": 58996
    },
    {
      "icon_id": "4464993",
      "name": "产品",
      "font_class": "chanpin",
      "unicode": "e673",
      "unicode_decimal": 58995
    },
    {
      "icon_id": "9558668",
      "name": "USDT",
      "font_class": "USDT",
      "unicode": "e66b",
      "unicode_decimal": 58987
    },
    {
      "icon_id": "9558669",
      "name": "MWD",
      "font_class": "MWD",
      "unicode": "e66c",
      "unicode_decimal": 58988
    },
    {
      "icon_id": "9558670",
      "name": "BCH",
      "font_class": "BCH",
      "unicode": "e66d",
      "unicode_decimal": 58989
    },
    {
      "icon_id": "9558671",
      "name": "ETH",
      "font_class": "ETH",
      "unicode": "e670",
      "unicode_decimal": 58992
    },
    {
      "icon_id": "9558672",
      "name": "LTC",
      "font_class": "LTC",
      "unicode": "e671",
      "unicode_decimal": 58993
    },
    {
      "icon_id": "9558673",
      "name": "BTC",
      "font_class": "BTC",
      "unicode": "e672",
      "unicode_decimal": 58994
    },
    {
      "icon_id": "577365",
      "name": "搜索",
      "font_class": "sousuo1",
      "unicode": "e752",
      "unicode_decimal": 59218
    },
    {
      "icon_id": "2023693",
      "name": "首页-首页",
      "font_class": "shouye-shouye",
      "unicode": "e669",
      "unicode_decimal": 58985
    },
    {
      "icon_id": "2675007",
      "name": "我的",
      "font_class": "wode3",
      "unicode": "e66a",
      "unicode_decimal": 58986
    },
    {
      "icon_id": "6775644",
      "name": "爱心",
      "font_class": "aixin",
      "unicode": "eca1",
      "unicode_decimal": 60577
    },
    {
      "icon_id": "166655",
      "name": "用户2",
      "font_class": "yonghu",
      "unicode": "e662",
      "unicode_decimal": 58978
    },
    {
      "icon_id": "11855595",
      "name": "转换",
      "font_class": "zhuanhuan1",
      "unicode": "e660",
      "unicode_decimal": 58976
    },
    {
      "icon_id": "1312011",
      "name": "转换",
      "font_class": "zhuanhuan",
      "unicode": "e65f",
      "unicode_decimal": 58975
    },
    {
      "icon_id": "7542465",
      "name": "24gf-chartBarUpward",
      "font_class": "24gf-chartBarUpward",
      "unicode": "e848",
      "unicode_decimal": 59464
    },
    {
      "icon_id": "17878484",
      "name": "图表",
      "font_class": "tubiao",
      "unicode": "e65b",
      "unicode_decimal": 58971
    },
    {
      "icon_id": "18175292",
      "name": "三角符,插入符,下",
      "font_class": "insert-bottom-full",
      "unicode": "ea5b",
      "unicode_decimal": 59995
    },
    {
      "icon_id": "18175370",
      "name": "三角符,插入符,上",
      "font_class": "insert-top-full",
      "unicode": "ea5e",
      "unicode_decimal": 59998
    },
    {
      "icon_id": "18175679",
      "name": "复选框",
      "font_class": "checkbox-ok-full",
      "unicode": "ea69",
      "unicode_decimal": 60009
    },
    {
      "icon_id": "18175800",
      "name": "正方形",
      "font_class": "checkbox-full",
      "unicode": "ea6f",
      "unicode_decimal": 60015
    },
    {
      "icon_id": "18175807",
      "name": "乘号,错误,失败",
      "font_class": "multiply-full",
      "unicode": "ea71",
      "unicode_decimal": 60017
    },
    {
      "icon_id": "18175813",
      "name": "对号,勾,正确,完成",
      "font_class": "ok-full",
      "unicode": "ea72",
      "unicode_decimal": 60018
    },
    {
      "icon_id": "18311718",
      "name": "上",
      "font_class": "shang",
      "unicode": "e65e",
      "unicode_decimal": 58974
    },
    {
      "icon_id": "18368012",
      "name": "下  拉",
      "font_class": "xiala",
      "unicode": "e682",
      "unicode_decimal": 59010
    },
    {
      "icon_id": "18931184",
      "name": "发送",
      "font_class": "fasong3",
      "unicode": "e668",
      "unicode_decimal": 58984
    },
    {
      "icon_id": "21417211",
      "name": "添加",
      "font_class": "tianjiadingdan1",
      "unicode": "e65a",
      "unicode_decimal": 58970
    },
    {
      "icon_id": "22280745",
      "name": "持仓股票",
      "font_class": "chicanggupiao",
      "unicode": "e602",
      "unicode_decimal": 58882
    },
    {
      "icon_id": "7500235",
      "name": "首页",
      "font_class": "icon_home",
      "unicode": "e612",
      "unicode_decimal": 58898
    },
    {
      "icon_id": "7500572",
      "name": "首页",
      "font_class": "icon_home1",
      "unicode": "e618",
      "unicode_decimal": 58904
    },
    {
      "icon_id": "7500573",
      "name": "密码",
      "font_class": "icon_password",
      "unicode": "e619",
      "unicode_decimal": 58905
    },
    {
      "icon_id": "7500575",
      "name": "个人中心",
      "font_class": "icon_personal",
      "unicode": "e61a",
      "unicode_decimal": 58906
    },
    {
      "icon_id": "7500576",
      "name": "商城，购物袋",
      "font_class": "icon_mall-",
      "unicode": "e61b",
      "unicode_decimal": 58907
    },
    {
      "icon_id": "7500577",
      "name": "密码",
      "font_class": "icon_password1",
      "unicode": "e61c",
      "unicode_decimal": 58908
    },
    {
      "icon_id": "7500579",
      "name": "分享",
      "font_class": "icon_share",
      "unicode": "e61d",
      "unicode_decimal": 58909
    },
    {
      "icon_id": "7500580",
      "name": "购物车",
      "font_class": "icon_shoppingcart",
      "unicode": "e61e",
      "unicode_decimal": 58910
    },
    {
      "icon_id": "7500581",
      "name": "个人中心",
      "font_class": "icon_personal1",
      "unicode": "e61f",
      "unicode_decimal": 58911
    },
    {
      "icon_id": "7500582",
      "name": "等级，勋章",
      "font_class": "icon_level",
      "unicode": "e620",
      "unicode_decimal": 58912
    },
    {
      "icon_id": "7500583",
      "name": "我的",
      "font_class": "icon_mine",
      "unicode": "e621",
      "unicode_decimal": 58913
    },
    {
      "icon_id": "7500585",
      "name": "商城，购物袋",
      "font_class": "icon_mall",
      "unicode": "e622",
      "unicode_decimal": 58914
    },
    {
      "icon_id": "7500586",
      "name": "编辑",
      "font_class": "icon_edit",
      "unicode": "e623",
      "unicode_decimal": 58915
    },
    {
      "icon_id": "7500588",
      "name": "钱包",
      "font_class": "icon_wallet",
      "unicode": "e624",
      "unicode_decimal": 58916
    },
    {
      "icon_id": "7500589",
      "name": "地址",
      "font_class": "icon_address",
      "unicode": "e625",
      "unicode_decimal": 58917
    },
    {
      "icon_id": "7500590",
      "name": "时间",
      "font_class": "icon_time",
      "unicode": "e626",
      "unicode_decimal": 58918
    },
    {
      "icon_id": "7500591",
      "name": "特权，VIP",
      "font_class": "icon_privilege",
      "unicode": "e627",
      "unicode_decimal": 58919
    },
    {
      "icon_id": "14445233",
      "name": "搜索",
      "font_class": "sousuo",
      "unicode": "e68b",
      "unicode_decimal": 59019
    },
    {
      "icon_id": "17605519",
      "name": "农药",
      "font_class": "nongyao",
      "unicode": "e81b",
      "unicode_decimal": 59419
    },
    {
      "icon_id": "1288648",
      "name": "套餐推荐",
      "font_class": "taocantuijian",
      "unicode": "e614",
      "unicode_decimal": 58900
    },
    {
      "icon_id": "20374557",
      "name": "全部",
      "font_class": "quanbu",
      "unicode": "e6b8",
      "unicode_decimal": 59064
    },
    {
      "icon_id": "15628579",
      "name": "商户管理",
      "font_class": "shanghuguanli",
      "unicode": "e6b0",
      "unicode_decimal": 59056
    },
    {
      "icon_id": "19685252",
      "name": "编辑",
      "font_class": "edit",
      "unicode": "eb5c",
      "unicode_decimal": 60252
    },
    {
      "icon_id": "6999238",
      "name": "成功",
      "font_class": "chenggong",
      "unicode": "e62f",
      "unicode_decimal": 58927
    },
    {
      "icon_id": "6999239",
      "name": "错误",
      "font_class": "cuowu",
      "unicode": "e630",
      "unicode_decimal": 58928
    },
    {
      "icon_id": "19745516",
      "name": "图片",
      "font_class": "tupian",
      "unicode": "f1cb",
      "unicode_decimal": 61899
    },
    {
      "icon_id": "19954233",
      "name": "待发货",
      "font_class": "daifahuo",
      "unicode": "e629",
      "unicode_decimal": 58921
    },
    {
      "icon_id": "19954237",
      "name": "待付款",
      "font_class": "daifukuan",
      "unicode": "e62a",
      "unicode_decimal": 58922
    },
    {
      "icon_id": "19954242",
      "name": "待收货",
      "font_class": "daishouhuo",
      "unicode": "e62c",
      "unicode_decimal": 58924
    },
    {
      "icon_id": "19954269",
      "name": "写",
      "font_class": "xie",
      "unicode": "e62d",
      "unicode_decimal": 58925
    },
    {
      "icon_id": "7007874",
      "name": "下载量",
      "font_class": "xiazailiang",
      "unicode": "e62e",
      "unicode_decimal": 58926
    },
    {
      "icon_id": "7007876",
      "name": "已购数量",
      "font_class": "yigoushuliang",
      "unicode": "e631",
      "unicode_decimal": 58929
    },
    {
      "icon_id": "7084910",
      "name": "上架",
      "font_class": "shangjia",
      "unicode": "e636",
      "unicode_decimal": 58934
    },
    {
      "icon_id": "7140560",
      "name": "基础设置",
      "font_class": "jichushezhi",
      "unicode": "e63f",
      "unicode_decimal": 58943
    },
    {
      "icon_id": "11855560",
      "name": "定位",
      "font_class": "dingwei",
      "unicode": "e605",
      "unicode_decimal": 58885
    },
    {
      "icon_id": "11855574",
      "name": "手机号",
      "font_class": "shoujihao",
      "unicode": "e60a",
      "unicode_decimal": 58890
    },
    {
      "icon_id": "16336530",
      "name": "余额",
      "font_class": "yue",
      "unicode": "e6b7",
      "unicode_decimal": 59063
    },
    {
      "icon_id": "6095690",
      "name": "减",
      "font_class": "jian",
      "unicode": "e6d4",
      "unicode_decimal": 59092
    },
    {
      "icon_id": "6095691",
      "name": "加",
      "font_class": "jia",
      "unicode": "e6d5",
      "unicode_decimal": 59093
    },
    {
      "icon_id": "1421807",
      "name": "更多",
      "font_class": "gengduo",
      "unicode": "e63c",
      "unicode_decimal": 58940
    },
    {
      "icon_id": "839006",
      "name": "加",
      "font_class": "jia1",
      "unicode": "e632",
      "unicode_decimal": 58930
    },
    {
      "icon_id": "5030",
      "name": "购物车满",
      "font_class": "gouwucheman",
      "unicode": "e600",
      "unicode_decimal": 58880
    },
    {
      "icon_id": "7404308",
      "name": "电话",
      "font_class": "dianhua",
      "unicode": "e776",
      "unicode_decimal": 59254
    },
    {
      "icon_id": "18371102",
      "name": "返回",
      "font_class": "fanhui",
      "unicode": "e677",
      "unicode_decimal": 58999
    },
    {
      "icon_id": "18169888",
      "name": "二维码",
      "font_class": "qrcode",
      "unicode": "e951",
      "unicode_decimal": 59729
    },
    {
      "icon_id": "18170169",
      "name": "齿轮,设置,设定",
      "font_class": "set",
      "unicode": "e979",
      "unicode_decimal": 59769
    },
    {
      "icon_id": "18170188",
      "name": "退出,出",
      "font_class": "exit-full",
      "unicode": "e97f",
      "unicode_decimal": 59775
    },
    {
      "icon_id": "18170313",
      "name": "心,心形,心脏,爱心,实心",
      "font_class": "hear-full",
      "unicode": "e99f",
      "unicode_decimal": 59807
    },
    {
      "icon_id": "18170324",
      "name": "好评,好,赞同,点赞,拇指,喜欢",
      "font_class": "like",
      "unicode": "e9a2",
      "unicode_decimal": 59810
    },
    {
      "icon_id": "18170411",
      "name": "消息,失败",
      "font_class": "news-failure",
      "unicode": "e9b8",
      "unicode_decimal": 59832
    },
    {
      "icon_id": "18170578",
      "name": "货车",
      "font_class": "truck",
      "unicode": "e9d9",
      "unicode_decimal": 59865
    },
    {
      "icon_id": "18175678",
      "name": "复选框",
      "font_class": "checkbox-ok",
      "unicode": "ea68",
      "unicode_decimal": 60008
    },
    {
      "icon_id": "21978986",
      "name": "购物车",
      "font_class": "icon_shoppingcart-copy",
      "unicode": "f1cc",
      "unicode_decimal": 61900
    },
    {
      "icon_id": "18175801",
      "name": "正方形",
      "font_class": "checkbox",
      "unicode": "ea70",
      "unicode_decimal": 60016
    },
    {
      "icon_id": "683378",
      "name": "充值",
      "font_class": "chongzhi",
      "unicode": "e604",
      "unicode_decimal": 58884
    },
    {
      "icon_id": "683384",
      "name": "积分",
      "font_class": "jifen",
      "unicode": "e60b",
      "unicode_decimal": 58891
    },
    {
      "icon_id": "683385",
      "name": "积分商城",
      "font_class": "jifenshangcheng",
      "unicode": "e60c",
      "unicode_decimal": 58892
    },
    {
      "icon_id": "683389",
      "name": "累计收益",
      "font_class": "leijishouyi",
      "unicode": "e60f",
      "unicode_decimal": 58895
    },
    {
      "icon_id": "683419",
      "name": "提现",
      "font_class": "tixian",
      "unicode": "e633",
      "unicode_decimal": 58931
    },
    {
      "icon_id": "683429",
      "name": "总收益",
      "font_class": "zongshouyi",
      "unicode": "e634",
      "unicode_decimal": 58932
    },
    {
      "icon_id": "1087767",
      "name": "关闭",
      "font_class": "webicon309",
      "unicode": "e6a0",
      "unicode_decimal": 59040
    },
    {
      "icon_id": "9306311",
      "name": "微信支付",
      "font_class": "weixinzhifu",
      "unicode": "e689",
      "unicode_decimal": 59017
    },
    {
      "icon_id": "9306312",
      "name": "支付宝",
      "font_class": "zhifubao",
      "unicode": "e68a",
      "unicode_decimal": 59018
    },
    {
      "icon_id": "5759518",
      "name": "切换",
      "font_class": "qiehuan",
      "unicode": "e789",
      "unicode_decimal": 59273
    },
    {
      "icon_id": "6446308",
      "name": "切换",
      "font_class": "tianchongxing-",
      "unicode": "e640",
      "unicode_decimal": 58944
    },
    {
      "icon_id": "6999241",
      "name": "警示",
      "font_class": "jingshi",
      "unicode": "e635",
      "unicode_decimal": 58933
    },
    {
      "icon_id": "6999242",
      "name": "提示",
      "font_class": "tishi",
      "unicode": "e637",
      "unicode_decimal": 58935
    },
    {
      "icon_id": "1400852",
      "name": "进行中",
      "font_class": "jinhangzhong",
      "unicode": "e615",
      "unicode_decimal": 58901
    },
    {
      "icon_id": "1348254",
      "name": "退出",
      "font_class": "tuichu",
      "unicode": "e616",
      "unicode_decimal": 58902
    },
    {
      "icon_id": "1526267",
      "name": "退出",
      "font_class": "qiehuanzuhu",
      "unicode": "e652",
      "unicode_decimal": 58962
    },
    {
      "icon_id": "3552289",
      "name": "分销",
      "font_class": "fenxiao",
      "unicode": "e639",
      "unicode_decimal": 58937
    },
    {
      "icon_id": "3769199",
      "name": "支付",
      "font_class": "zhifu",
      "unicode": "e8f9",
      "unicode_decimal": 59641
    },
    {
      "icon_id": "6281036",
      "name": "扫码",
      "font_class": "saoma",
      "unicode": "e69f",
      "unicode_decimal": 59039
    },
    {
      "icon_id": "7874501",
      "name": "二维码",
      "font_class": "erweima",
      "unicode": "e601",
      "unicode_decimal": 58881
    },
    {
      "icon_id": "8479693",
      "name": "支付",
      "font_class": "zhifu1",
      "unicode": "e63a",
      "unicode_decimal": 58938
    },
    {
      "icon_id": "15872057",
      "name": "绑定",
      "font_class": "bangding",
      "unicode": "e606",
      "unicode_decimal": 58886
    },
    {
      "icon_id": "18986493",
      "name": "绑定",
      "font_class": "bangding1",
      "unicode": "e647",
      "unicode_decimal": 58951
    },
    {
      "icon_id": "8315438",
      "name": "清除",
      "font_class": "qingchu",
      "unicode": "e65c",
      "unicode_decimal": 58972
    },
    {
      "icon_id": "1526269",
      "name": "任务",
      "font_class": "renwu",
      "unicode": "e653",
      "unicode_decimal": 58963
    },
    {
      "icon_id": "10187758",
      "name": "任务",
      "font_class": "task",
      "unicode": "e603",
      "unicode_decimal": 58883
    },
    {
      "icon_id": "9885736",
      "name": "发送",
      "font_class": "fasong",
      "unicode": "e70b",
      "unicode_decimal": 59147
    },
    {
      "icon_id": "14194176",
      "name": "分 享",
      "font_class": "fenxiang",
      "unicode": "e607",
      "unicode_decimal": 58887
    },
    {
      "icon_id": "4423709",
      "name": "发送",
      "font_class": "fasong1",
      "unicode": "ed2e",
      "unicode_decimal": 60718
    },
    {
      "icon_id": "8094668",
      "name": "分 享",
      "font_class": "fenxiang1",
      "unicode": "e6c1",
      "unicode_decimal": 59073
    },
    {
      "icon_id": "19140657",
      "name": "分 享",
      "font_class": "fenxiang2",
      "unicode": "e66e",
      "unicode_decimal": 58990
    },
    {
      "icon_id": "1116911",
      "name": "更新",
      "font_class": "update",
      "unicode": "e63b",
      "unicode_decimal": 58939
    },
    {
      "icon_id": "2784337",
      "name": "更新",
      "font_class": "gengxin",
      "unicode": "e60e",
      "unicode_decimal": 58894
    },
    {
      "icon_id": "17621016",
      "name": "更新",
      "font_class": "update1",
      "unicode": "e610",
      "unicode_decimal": 58896
    },
    {
      "icon_id": "1269840",
      "name": "聊天",
      "font_class": "liaotian",
      "unicode": "e611",
      "unicode_decimal": 58897
    },
    {
      "icon_id": "12886646",
      "name": "聊天",
      "font_class": "liaotian1",
      "unicode": "e613",
      "unicode_decimal": 58899
    },
    {
      "icon_id": "755346",
      "name": "聊天",
      "font_class": "liaotian2",
      "unicode": "e617",
      "unicode_decimal": 58903
    },
    {
      "icon_id": "8832864",
      "name": "超市",
      "font_class": "shiliangzhinengduixiang",
      "unicode": "e649",
      "unicode_decimal": 58953
    },
    {
      "icon_id": "2880827",
      "name": "减",
      "font_class": "sub",
      "unicode": "e641",
      "unicode_decimal": 58945
    },
    {
      "icon_id": "15385932",
      "name": "加",
      "font_class": "jia2",
      "unicode": "e642",
      "unicode_decimal": 58946
    },
    {
      "icon_id": "3355586",
      "name": "减",
      "font_class": "jian1",
      "unicode": "e643",
      "unicode_decimal": 58947
    },
    {
      "icon_id": "17677811",
      "name": "钱包",
      "font_class": "qianbao1",
      "unicode": "e644",
      "unicode_decimal": 58948
    },
    {
      "icon_id": "5387748",
      "name": "打印机_o",
      "font_class": "dayinji_o",
      "unicode": "eb48",
      "unicode_decimal": 60232
    },
    {
      "icon_id": "9946207",
      "name": "苹果",
      "font_class": "pingguo",
      "unicode": "e664",
      "unicode_decimal": 58980
    },
    {
      "icon_id": "11231506",
      "name": "安卓",
      "font_class": "anzhuo",
      "unicode": "e667",
      "unicode_decimal": 58983
    },
    {
      "icon_id": "20240223",
      "name": "下 载",
      "font_class": "xiazai1",
      "unicode": "e646",
      "unicode_decimal": 58950
    },
    {
      "icon_id": "15056040",
      "name": "打印机",
      "font_class": "dayinji",
      "unicode": "e648",
      "unicode_decimal": 58952
    },
    {
      "icon_id": "630128",
      "name": "照相机",
      "font_class": "zhaoxiangji",
      "unicode": "e663",
      "unicode_decimal": 58979
    },
    {
      "icon_id": "7347769",
      "name": "拍照，相机，摄影",
      "font_class": "huaban-",
      "unicode": "e665",
      "unicode_decimal": 58981
    },
    {
      "icon_id": "11734518",
      "name": "相机,拍摄,拍照,摄影,相册,camera",
      "font_class": "camera",
      "unicode": "e666",
      "unicode_decimal": 58982
    },
    {
      "icon_id": "3860869",
      "name": "分享",
      "font_class": "fenxiang3",
      "unicode": "e68c",
      "unicode_decimal": 59020
    },
    {
      "icon_id": "13702332",
      "name": "专家线上答疑",
      "font_class": "zhuanjiaxianshangdayi",
      "unicode": "e6ef",
      "unicode_decimal": 59119
    },
    {
      "icon_id": "3860873",
      "name": "消息",
      "font_class": "xiaoxi",
      "unicode": "e68e",
      "unicode_decimal": 59022
    },
    {
      "icon_id": "2149667",
      "name": "经纪人",
      "font_class": "jingjiren",
      "unicode": "e661",
      "unicode_decimal": 58977
    },
    {
      "icon_id": "11088128",
      "name": "队伍",
      "font_class": "tubiaozhizuomoban",
      "unicode": "e67b",
      "unicode_decimal": 59003
    },
    {
      "icon_id": "166620",
      "name": "切换",
      "font_class": "qiehuan1",
      "unicode": "e64a",
      "unicode_decimal": 58954
    },
    {
      "icon_id": "577312",
      "name": "加号",
      "font_class": "jiahao",
      "unicode": "e726",
      "unicode_decimal": 59174
    },
    {
      "icon_id": "4967365",
      "name": "我的",
      "font_class": "wode",
      "unicode": "e676",
      "unicode_decimal": 58998
    },
    {
      "icon_id": "6265247",
      "name": "闪聘",
      "font_class": "lightning",
      "unicode": "e655",
      "unicode_decimal": 58965
    },
    {
      "icon_id": "7333043",
      "name": "通知",
      "font_class": "tongzhi1",
      "unicode": "e6a1",
      "unicode_decimal": 59041
    },
    {
      "icon_id": "7698863",
      "name": "15政策",
      "font_class": "zhengce",
      "unicode": "e64c",
      "unicode_decimal": 58956
    },
    {
      "icon_id": "11372780",
      "name": "眼睛",
      "font_class": "yanjing",
      "unicode": "e8c7",
      "unicode_decimal": 59591
    },
    {
      "icon_id": "15112711",
      "name": "账单",
      "font_class": "zhangdan",
      "unicode": "e651",
      "unicode_decimal": 58961
    },
    {
      "icon_id": "21800726",
      "name": "政策",
      "font_class": "zhengce1",
      "unicode": "e654",
      "unicode_decimal": 58964
    },
    {
      "icon_id": "22350044",
      "name": "政策解读",
      "font_class": "zhengcejiedu",
      "unicode": "f764",
      "unicode_decimal": 63332
    },
    {
      "icon_id": "8798020",
      "name": "我的",
      "font_class": "wode2",
      "unicode": "e7d3",
      "unicode_decimal": 59347
    },
    {
      "icon_id": "18372374",
      "name": "眼睛-开",
      "font_class": "yanjing-kai",
      "unicode": "e6cc",
      "unicode_decimal": 59084
    },
    {
      "icon_id": "18372376",
      "name": "眼睛-关",
      "font_class": "yanjing-guan",
      "unicode": "e6cd",
      "unicode_decimal": 59085
    },
    {
      "icon_id": "11810481",
      "name": "语言",
      "font_class": "yuyan",
      "unicode": "e684",
      "unicode_decimal": 59012
    },
    {
      "icon_id": "566776",
      "name": "说明",
      "font_class": "shuoming",
      "unicode": "e656",
      "unicode_decimal": 58966
    },
    {
      "icon_id": "577357",
      "name": "删除",
      "font_class": "shanchu",
      "unicode": "e74b",
      "unicode_decimal": 59211
    },
    {
      "icon_id": "708166",
      "name": "客服",
      "font_class": "wodekefu",
      "unicode": "e68d",
      "unicode_decimal": 59021
    },
    {
      "icon_id": "734312",
      "name": "银联",
      "font_class": "yinlian",
      "unicode": "e628",
      "unicode_decimal": 58920
    },
    {
      "icon_id": "1025739",
      "name": "icon_更多",
      "font_class": "icongengduo",
      "unicode": "e608",
      "unicode_decimal": 58888
    },
    {
      "icon_id": "1049964",
      "name": "右三角",
      "font_class": "yousanjiao",
      "unicode": "e62b",
      "unicode_decimal": 58923
    },
    {
      "icon_id": "1305463",
      "name": "查看",
      "font_class": "chakan",
      "unicode": "e63e",
      "unicode_decimal": 58942
    },
    {
      "icon_id": "1541243",
      "name": "分享",
      "font_class": "ziyuan",
      "unicode": "e65d",
      "unicode_decimal": 58973
    },
    {
      "icon_id": "1727422",
      "name": "205设置",
      "font_class": "shezhi",
      "unicode": "e8b8",
      "unicode_decimal": 59576
    },
    {
      "icon_id": "1727540",
      "name": "309下一页、前进、查看更多-圆框",
      "font_class": "xiayiyeqianjinchakangengduo-yuankuang",
      "unicode": "e8f0",
      "unicode_decimal": 59632
    },
    {
      "icon_id": "2170946",
      "name": "我的-我的",
      "font_class": "wode-wode",
      "unicode": "e60d",
      "unicode_decimal": 58893
    },
    {
      "icon_id": "2593577",
      "name": "排序",
      "font_class": "paixu",
      "unicode": "e609",
      "unicode_decimal": 58889
    },
    {
      "icon_id": "2674476",
      "name": "客服",
      "font_class": "kefu",
      "unicode": "e638",
      "unicode_decimal": 58936
    },
    {
      "icon_id": "2939198",
      "name": "加减组件 加号",
      "font_class": "jiajianzujianjiahao",
      "unicode": "e64d",
      "unicode_decimal": 58957
    },
    {
      "icon_id": "3876493",
      "name": "visa",
      "font_class": "visa",
      "unicode": "e66f",
      "unicode_decimal": 58991
    },
    {
      "icon_id": "5387735",
      "name": "眼睛_隐藏",
      "font_class": "yanjing_yincang",
      "unicode": "eb45",
      "unicode_decimal": 60229
    },
    {
      "icon_id": "5387736",
      "name": "眼睛_显示",
      "font_class": "yanjing_xianshi",
      "unicode": "eb46",
      "unicode_decimal": 60230
    },
    {
      "icon_id": "6127280",
      "name": "我的",
      "font_class": "wode1",
      "unicode": "e64b",
      "unicode_decimal": 58955
    },
    {
      "icon_id": "6308124",
      "name": "筛选",
      "font_class": "shaixuan1",
      "unicode": "e692",
      "unicode_decimal": 59026
    },
    {
      "icon_id": "6675656",
      "name": "更多",
      "font_class": "yanzhengma",
      "unicode": "e6e1",
      "unicode_decimal": 59105
    },
    {
      "icon_id": "7674888",
      "name": "返回",
      "font_class": "fanhui1",
      "unicode": "e716",
      "unicode_decimal": 59158
    },
    {
      "icon_id": "7674897",
      "name": "筛选",
      "font_class": "shaixuan",
      "unicode": "e717",
      "unicode_decimal": 59159
    },
    {
      "icon_id": "7675278",
      "name": "资金流水",
      "font_class": "zijinliushui",
      "unicode": "e721",
      "unicode_decimal": 59169
    },
    {
      "icon_id": "9169051",
      "name": "发送",
      "font_class": "fasong2",
      "unicode": "e63d",
      "unicode_decimal": 58941
    },
    {
      "icon_id": "9306315",
      "name": "银联",
      "font_class": "yinlian1",
      "unicode": "e68f",
      "unicode_decimal": 59023
    },
    {
      "icon_id": "9509948",
      "name": "更多",
      "font_class": "gengduo1",
      "unicode": "e645",
      "unicode_decimal": 58949
    },
    {
      "icon_id": "9509962",
      "name": "对号",
      "font_class": "duihao",
      "unicode": "e64f",
      "unicode_decimal": 58959
    },
    {
      "icon_id": "10446123",
      "name": "空心五角星",
      "font_class": "kongxinwujiaoxing",
      "unicode": "e650",
      "unicode_decimal": 58960
    },
    {
      "icon_id": "10446124",
      "name": "实心五角星",
      "font_class": "shixinwujiaoxing",
      "unicode": "e657",
      "unicode_decimal": 58967
    },
    {
      "icon_id": "11372665",
      "name": "复制",
      "font_class": "fuzhi",
      "unicode": "e8b0",
      "unicode_decimal": 59568
    },
    {
      "icon_id": "12439753",
      "name": "向右更多",
      "font_class": "xiangyougengduo",
      "unicode": "e64e",
      "unicode_decimal": 58958
    },
    {
      "icon_id": "12732488",
      "name": "解绑",
      "font_class": "jiebang",
      "unicode": "e658",
      "unicode_decimal": 58968
    },
    {
      "icon_id": "12875244",
      "name": "语言切换",
      "font_class": "icon_A",
      "unicode": "e6ad",
      "unicode_decimal": 59053
    },
    {
      "icon_id": "15628573",
      "name": "客户档案",
      "font_class": "kehudangan",
      "unicode": "e6ae",
      "unicode_decimal": 59054
    },
    {
      "icon_id": "16813173",
      "name": "聊天",
      "font_class": "liaotian3",
      "unicode": "e659",
      "unicode_decimal": 58969
    },
    {
      "icon_id": "18044643",
      "name": "通知",
      "font_class": "tongzhi",
      "unicode": "eeed",
      "unicode_decimal": 61165
    },
    {
      "icon_id": "18170317",
      "name": "星,星星,星形,半星,实星",
      "font_class": "star-full",
      "unicode": "e9a1",
      "unicode_decimal": 59809
    },
    {
      "icon_id": "18170397",
      "name": "消息,成功",
      "font_class": "news-success-full",
      "unicode": "e9b3",
      "unicode_decimal": 59827
    },
    {
      "icon_id": "18174900",
      "name": "排序",
      "font_class": "sort-full",
      "unicode": "ea4b",
      "unicode_decimal": 59979
    }
  ]
}
